<?xml version="1.0" encoding="UTF-8"?>
<metadata xml:lang="en"><Esri><CreaDate>20181008</CreaDate><CreaTime>21480700</CreaTime><ArcGISFormat>1.0</ArcGISFormat><SyncOnce>TRUE</SyncOnce><DataProperties><itemProps><itemLocation><linkage Sync="TRUE">file://\\DESKTOP-6VRI278\G$\LakeDistrict\YiMing\lakeslcm25_13</linkage><protocol Sync="TRUE">Local Area Network</protocol></itemLocation></itemProps><copyHistory><copy source="G:\LakeDistrict\lakeslcm25_13" dest="\\DESKTOP-6VRI278\G$\LakeDistrict\YiMing\lakeslcm25_13" date="20181008" time="21480700"></copy></copyHistory></DataProperties></Esri></metadata>
